name,value,radius,num_samples,iteration,run_time,data_size
validity,0.99289,0.01,10,610000,36313.547254,10000
validity,0.98902,0.1,10,610000,36389.146585,10000
