nearest neighbor correlation,top_k,iteration,run_time,data_size
0.21395086039685068,,50000,18.536268,1000
0.21395086039685068,100,50000,17.921621000000002,1000
0.21395086039685068,500,50000,17.852619,1000
