nearest neighbor correlation,top_k,iteration,run_time,data_size
0.20871340452830536,,350000,17.546381,1000
0.20871340452830536,100,350000,17.207307,1000
0.20871340452830536,500,350000,17.156765,1000
