nearest neighbor correlation,top_k,iteration,run_time,data_size
0.20706653043026835,,610000,44.899634,1000
0.20706653043026835,100,610000,44.288873,1000
0.20706653043026835,500,610000,43.612312,1000