nearest neighbor correlation,top_k,iteration,run_time,data_size
0.22081909782642747,,10000,44.753565,1000
0.22081909782642747,100,10000,45.268001,1000
0.22081909782642747,500,10000,43.901503,1000
