unique,radius,num_samples,iteration,run_time,data_size
0.066,1e-05,10.0,50000.0,5688.06729,1000.0
0.0661,5e-05,10.0,50000.0,5694.809213,1000.0
0.0663,0.0001,10.0,50000.0,5699.402647,1000.0
0.0692,0.0005,10.0,50000.0,5697.332851,1000.0
0.5377,0.1,10.0,50000.0,3914.974557,1000.0
# NOTE: uniqueness was scaled by validity before plotting