validity,radius,num_samples,iteration,run_time,data_size
0.677,1e-05,10.0,10000.0,3532.664418,1000.0
0.6767,5e-05,10.0,10000.0,3532.812776,1000.0
0.6764,0.0001,10.0,10000.0,3536.033931,1000.0
0.6751,0.0005,10.0,10000.0,3530.145382,1000.0
0.6482,0.1,10.0,10000.0,3532.083266,1000.0
