validity,radius,num_samples,iteration,run_time,data_size
0.8606,1e-05,10.0,350000.0,5744.44241,1000.0
0.8602,5e-05,10.0,350000.0,5723.195146,1000.0
0.8596,0.0001,10.0,350000.0,5705.945468,1000.0
0.8597,0.0005,10.0,350000.0,5707.786529,1000.0
0.8406,0.1,10.0,350000.0,5980.235258,1000.0