validity,radius,num_samples,iteration,run_time,data_size
0.852,1e-05,10.0,610000.0,4265.998462,1000.0
0.852,5e-05,10.0,610000.0,4265.834753,1000.0
0.8521,0.0001,10.0,610000.0,4262.908119,1000.0
0.8542,0.1,10.0,610000.0,4370.20391,1000.0