validity,radius,num_samples,iteration,run_time,data_size
0.66,1e-05,10.0,50000.0,5709.98735,1000.0
0.6599,5e-05,10.0,50000.0,5698.865816,1000.0
0.6606,0.0001,10.0,50000.0,5704.708316,1000.0
0.6622,0.0005,10.0,50000.0,5699.756402,1000.0
0.6451,0.1,10.0,50000.0,5697.716255,1000.0
